<?xml version="1.0" encoding="UTF-8" standalone="yes"?>
<addon id="EzMain" name="Kodikula" version="0.1" provider-name="Kodikula">
    <extension point="xbmc.addon.repository" name="Example Repository">
        <dir>
            <info compressed="false">https://raw.githubusercontent.com/Kodikula/Kodikula/Cabin/repo/zips/addons.xml</info>
            <checksum>https://raw.githubusercontent.com/Kodikula/Kodikula/Cabin/repo/zips/addons.xml.md5</checksum>
            <datadir zip="true">https://raw.githubusercontent.com/Kodikula/Kodikula/Cabin/repo/zips/</datadir>
        </dir>
    </extension>
    <extension point="xbmc.addon.metadata">
        <summary>Kodikula</summary>
        <description>Nakulas kodi backup</description>
        <disclaimer></disclaimer>
        <platform>all</platform>
        <assets>
            <icon>icon.png</icon>
            <fanart>fanart.jpg</fanart>
        </assets>
    </extension>
</addon>