<?xml version="1.0" encoding="UTF-8"?>
<addon id="resource.uisounds.tetradui" version="1.0.0" name="TetradUI Sounds" provider-name="TeamUI">
  <requires>
    <import addon="kodi.resource" version="1.0.0"/>
  </requires>
  <extension point="kodi.resource.uisounds"/>
  <extension point="kodi.addon.metadata">
    <summary lang="en_GB">TetradUI GUI sounds</summary>
    <description lang="en_GB">TetradUI GUI sounds for Kodi</description>
    <platform>all</platform>
	<source>https://github.com/gade01/resource.uisounds.tetradui</source>
	<news>[B]1.0.0[/B][CR]- Initial version</news>
	<assets>
      <icon>icon.png</icon>
      <fanart>fanart.jpg</fanart>
    </assets>
  </extension>
</addon>